Company,Title,Link,Location
Adobe,React Engineer,https://adobe.wd5.myworkdayjobs.com/en-US/external_experienced/job/San-Mateo/Fullstack-Engineer-III_78821,San Mateo
Adobe,Software Development Engineer,https://adobe.wd5.myworkdayjobs.com/en-US/external_experienced/job/Seattle/Software-Development-Engineer_77976,Seattle
Adobe,Mobile SDK Engineer,https://adobe.wd5.myworkdayjobs.com/en-US/external_experienced/job/San-Jose/Mobile-SDK-Engineer_79307-1,San Jose
Adobe,"Computer Scientist, Cloud Technology",https://adobe.wd5.myworkdayjobs.com/en-US/external_experienced/job/San-Jose/Developer-Experience-Support-Engineer_78239,San Jose
Apple,Maps Core UI Software Quality Engineer,https://jobs.apple.com/en-us/details/200089590/maps-core-ui-software-quality-engineer?team=SFTWR,Santa Clara Valley (Cupertino)
Asana,Campaign Operations,https://boards.greenhouse.io/asana/jobs/1730861,San Francisco
Bolt,Solutions Engineer (Full-time),https://jobs.lever.co/bolt/6d8cfcf1-b845-4bd6-a099-32d28b88333e,"Salt Lake City, UT"
DoorDash,Operations Specialist,https://boards.greenhouse.io/doordash/jobs/1852111,San Francisco
DoorDash,Strategy & Operations Associate,https://boards.greenhouse.io/doordash/jobs/1804949,San Francisco
Electronic Arts,Software Engineer - Integrations,https://ea.gr8people.com/index.gp?method=cappportal.showJob&opportunityID=151900,"Orlando, Florida, United States + 1 more"
Epic Games,Developer Relations Engineer,https://epicgames.wd5.myworkdayjobs.com/en-US/Epic_Games/job/Cary-NC/Developer-Relations-Engineer_R1744-1,"Cary, NC"
Epic Games,Developer Relations Technical Artist,https://epicgames.wd5.myworkdayjobs.com/en-US/Epic_Games/job/Cary-NC/Developer-Relations-Technical-Artist_R1743-1,"Cary, NC"
Epic Games,QA Lead - Online Platform,https://epicgames.wd5.myworkdayjobs.com/en-US/Epic_Games/job/Cary-NC/QA-Lead---Online-Platform_R1749-1,"Cary, NC"
Even,Member Advisor (Part-time: Weekends) (Part-time),https://jobs.lever.co/teameven/f0008d65-0688-4e15-bd77-0ca99e8fd836,"Raleigh, NC"
Hulu,"Campaign Lead, Ad Ops",https://www.hulu.com/jobs/positions/omn09fws,"New York, NY"
Hulu,"Campaign Lead, Ad Ops",https://www.hulu.com/jobs/positions/omp09fwu,"Santa Monica, CA"
Hulu,Cinematographer,https://www.hulu.com/jobs/positions/oqlfafwk,"Santa Monica, CA"
Hulu,Software Developer - Client Applications,https://www.hulu.com/jobs/positions/ovzgafwe,"Seattle, WA"
Hulu,Software Developer - Content Catalog,https://www.hulu.com/jobs/positions/ocolafw5,"Santa Monica, CA"
Hulu,Software Developer - Core Services,https://www.hulu.com/jobs/positions/optzafwb,"Santa Monica, CA"
Hulu,Software Developer - Living Room Applications,https://www.hulu.com/jobs/positions/opzgafwy,"Seattle, WA"
Hulu,Software Developer - Subscription Lifecycle,https://www.hulu.com/jobs/positions/ofk1afwk,"Santa Monica, CA"
Hulu,Software Developer - Subscription Partnerships,https://www.hulu.com/jobs/positions/ouw19fwk,"Santa Monica, CA"
Hulu,Software Developer - Web,https://www.hulu.com/jobs/positions/oeapafw7,"Santa Monica, CA"
Instacart,Workplace Events Manger,https://boards.greenhouse.io/instacart/jobs/1859490,"San Francisco, CA"
LinkedIn,Test job,https://www.linkedin.com/jobs/view/test-job-at-linkedin-1506245703,San Francisco Bay Area
LinkedIn,"Agency Lead, North America – Global Agency & Channel Team",https://www.linkedin.com/jobs/view/agency-lead-north-america-%E2%80%93-global-agency-channel-team-at-linkedin-1413774698,"New York City, NY, US"
Lyft,"Software Engineer - PhD New Grad, Autonomous Vehicles / Planning & Controls (2020)",https://boards.greenhouse.io/lyft/jobs/4435805002?gh_jid=4435805002,"Palo Alto, CA"
Nextdoor,Full-Stack Software Engineer - Sponsored Posts,https://about.nextdoor.com/careers-list/?gh_jid=1611576,"San Francisco, CA"
Nextdoor,Software Engineer,https://about.nextdoor.com/careers-list/?gh_jid=424,"San Francisco, CA"
Nextdoor,Software Engineer - Developer Tools,https://about.nextdoor.com/careers-list/?gh_jid=1138026,"San Francisco, CA"
Nextdoor,Software Engineer - New Grad 2020,https://about.nextdoor.com/careers-list/?gh_jid=1871061,"San Francisco, CA"
Nextdoor,Software Engineer - Platform,https://about.nextdoor.com/careers-list/?gh_jid=1119276,"San Francisco, CA"
Nextdoor,Software Engineer - Product,https://about.nextdoor.com/careers-list/?gh_jid=6438,"San Francisco, CA"
Opendoor,Capital Markets Associate (Full-time),https://jobs.lever.co/opendoor/d49b6026-4d0f-4954-83bb-97207aa1cdef,"San Francisco, CA"
Opendoor,Licensing Specialist (Full-time),https://jobs.lever.co/opendoor/f983a24b-96a5-43b3-9fce-b6fecc9c2819,"San Francisco, CA"
Opendoor,Product Head — CORE (Full-time),https://jobs.lever.co/opendoor/9282168b-430c-40b1-8896-458ba5186fbf,"San Francisco, CA"
Snap,Application Engineer,https://wd1.myworkdaysite.com/en-US/recruiting/snapchat/snap/job/Los-Angeles-California/Application-Engineer_R0010803,"Los Angeles, California"
Snap,Creative Lead,https://wd1.myworkdaysite.com/en-US/recruiting/snapchat/snap/job/Los-Angeles-California/Creative-Lead_R0010859,"Los Angeles, California"
Snap,Interactive Engineer,https://wd1.myworkdaysite.com/en-US/recruiting/snapchat/snap/job/Los-Angeles-California/Interactive-Engineer_R0009328,"Los Angeles, California"
Snap,Release Engineer,https://wd1.myworkdaysite.com/en-US/recruiting/snapchat/snap/job/Los-Angeles-California/Release-Engineer_R0010553,"Los Angeles, California"
Spotify,Full Stack Engineer- Free Product,https://www.spotifyjobs.com/job/full-stack-engineer-free-product-oszyafwj/,New York USA
Spotify,Client SDK Engineer – Creator,https://www.spotifyjobs.com/job/client-sdk-engineer-creator-ohx1afwz/,New York USA
Square,"Software Engineer, New Grad",https://www.smartrecruiters.com/Square/743999695283277,"San Francisco, United States"
Thumbtack,Customer Success: Onboarding Specialist,https://boards.greenhouse.io/thumbtack/jobs/1385036,"Draper, UT"
Udacity,"GM, Content Operations",https://boards.greenhouse.io/udacity/jobs/4271669002,"Mountain View, CA"
Wealthfront,Frontend Engineer - New College Graduate (Full-time),https://jobs.lever.co/wealthfront/00fba952-eb2b-487f-8d2f-e31493002226,"Palo Alto, CA"
Zillow Group,"Software Engineer, Zillow Offers",https://zillow.wd5.myworkdayjobs.com/en-US/Zillow_Group_External/job/Seattle/Software-Engineer--Zillow-Offers_P708346,Seattle
Zillow Group,Software Development Engineer,https://zillow.wd5.myworkdayjobs.com/en-US/Zillow_Group_External/job/Seattle/Software-Development-Engineer_P707727,Seattle